crash_id,vehicle_type
20241068,bus
20241139,bus
20243008,bus
20241150,bus
20241211,bus
20241211,bus
20241132,bus
20243074,bus
20243139,bus
20243154,bus
20243154,bus
20243154,bus
20241065,bus
20243094,bus
20241130,bus
20241158,bus
20243228,bus
20231044,bus
20233073,bus
20233195,bus
20231245,bus
20233030,bus
20231157,bus
20231157,bus
20231157,bus
20231157,bus
20231157,bus
20231157,bus
20231157,bus
20231157,bus
20231157,bus
20231157,bus
20231080,bus
20231241,bus
20231054,bus
20221203,bus
20221082,bus
20227040,bus
20223209,bus
20221025,bus
20221256,bus
20221053,bus
20227021,bus
20222075,bus
20223269,bus
20221065,bus
20223237,bus
20221144,bus
20221182,bus
20223069,bus
20221041,bus
20217018,bus
20211185,bus
20215067,bus
20215147,bus
20215132,bus
20211162,bus
20213158,bus
20211257,bus
20212025,bus
20213021,bus
20214088,bus
20213147,bus
20214068,bus
20214033,bus
20202109,bus
20201201,bus
20203176,bus
20204005,bus
20205004,bus
20203148,bus
20201226,bus
20206018,bus
20206018,bus
20201241,bus
20203245,bus
20201181,bus
20204009,bus
20206029,bus
20191101,bus
20191195,bus
20191193,bus
20195091,bus
20195091,bus
20191244,bus
20195003,bus
20192030,bus
20191197,bus
20191042,bus
20194062,bus
20191145,bus
20191100,bus
20191053,bus
20191053,bus
20194063,bus
20183089,bus
20185139,bus
20181170,bus
20182019,bus
20186003,bus
20183031,bus
20181023,bus
20181073,bus
20182074,bus
20182045,bus
20181239,bus
20183166,bus
20183098,bus
20185061,bus
20181181,bus
20182016,bus
20181015,bus
20181252,bus
20183072,bus
20172220,bus
20172231,bus
20172231,bus
20177012,bus
20172125,bus
20173099,bus
20172217,bus
20175094,bus
20172185,bus
20173090,bus
20173023,bus
20173023,bus
20173023,bus
20171269,bus
20176016,bus
20177011,bus
20172176,bus
20172176,bus
20172176,bus
20173082,bus
20171166,bus
20171094,bus
20172105,bus
20175136,bus
20171075,bus
20171023,bus
20173087,bus
20173170,bus
20173032,bus
20173202,bus
20171330,bus
20164071,bus
20164059,bus
20161090,bus
20161170,bus
20161339,bus
20161300,bus
20165067,bus
20161289,bus
20166023,bus
20161326,bus
20165047,bus
20161315,bus
20161189,bus
20165161,bus
20161030,bus
20164018,bus
20161077,bus
20157019,bus
20157019,bus
20157019,bus
20152225,bus
20155116,bus
20152112,bus
20152142,bus
20151321,bus
20152069,bus
20152033,bus
20152033,bus
20156005,bus
20151143,bus
20151128,bus
20154055,bus
20158002,bus
20155087,bus
20151248,bus
20151242,bus
20152024,bus
20145139,bus
20145139,bus
20145139,bus
20145139,bus
20145116,bus
20144025,bus
20145121,bus
20145148,bus
20243243,heavyrigidtruck
20241194,heavyrigidtruck
20246004,heavyrigidtruck
20243040,heavyrigidtruck
20243040,heavyrigidtruck
20242052,heavyrigidtruck
20242219,heavyrigidtruck
20241160,heavyrigidtruck
20242140,heavyrigidtruck
20242140,heavyrigidtruck
20242022,heavyrigidtruck
20243127,heavyrigidtruck
20243070,heavyrigidtruck
20242186,heavyrigidtruck
20243135,heavyrigidtruck
20246018,heavyrigidtruck
20242170,heavyrigidtruck
20243043,heavyrigidtruck
20242043,heavyrigidtruck
20243124,heavyrigidtruck
20242032,heavyrigidtruck
20243217,heavyrigidtruck
20247022,heavyrigidtruck
20246023,heavyrigidtruck
20243164,heavyrigidtruck
20242268,heavyrigidtruck
20243092,heavyrigidtruck
20242200,heavyrigidtruck
20241010,heavyrigidtruck
20241050,heavyrigidtruck
20248008,heavyrigidtruck
20243256,heavyrigidtruck
20243137,heavyrigidtruck
20241271,heavyrigidtruck
20246006,heavyrigidtruck
20243218,heavyrigidtruck
20241281,heavyrigidtruck
20241183,heavyrigidtruck
20241025,heavyrigidtruck
20242191,heavyrigidtruck
20243025,heavyrigidtruck
20241126,heavyrigidtruck
20242065,heavyrigidtruck
20242221,heavyrigidtruck
20241244,heavyrigidtruck
20243062,heavyrigidtruck
20242190,heavyrigidtruck
20241129,heavyrigidtruck
20241242,heavyrigidtruck
20241214,heavyrigidtruck
20241272,heavyrigidtruck
20242180,heavyrigidtruck
20231056,heavyrigidtruck
20232115,heavyrigidtruck
20231285,heavyrigidtruck
20233176,heavyrigidtruck
20231303,heavyrigidtruck
20231152,heavyrigidtruck
20231292,heavyrigidtruck
20231149,heavyrigidtruck
20231274,heavyrigidtruck
20231188,heavyrigidtruck
20231234,heavyrigidtruck
20233070,heavyrigidtruck
20231011,heavyrigidtruck
20231255,heavyrigidtruck
20233229,heavyrigidtruck
20233249,heavyrigidtruck
20231087,heavyrigidtruck
20231201,heavyrigidtruck
20231089,heavyrigidtruck
20232138,heavyrigidtruck
20231291,heavyrigidtruck
20233211,heavyrigidtruck
20231090,heavyrigidtruck
20232157,heavyrigidtruck
20234091,heavyrigidtruck
20231280,heavyrigidtruck
20232147,heavyrigidtruck
20233132,heavyrigidtruck
20233018,heavyrigidtruck
20232050,heavyrigidtruck
20233233,heavyrigidtruck
20231051,heavyrigidtruck
20233067,heavyrigidtruck
20232030,heavyrigidtruck
20236034,heavyrigidtruck
20233007,heavyrigidtruck
20231079,heavyrigidtruck
20233256,heavyrigidtruck
20231122,heavyrigidtruck
20233192,heavyrigidtruck
20233116,heavyrigidtruck
20233116,heavyrigidtruck
20233054,heavyrigidtruck
20232102,heavyrigidtruck
20233026,heavyrigidtruck
20231131,heavyrigidtruck
20231179,heavyrigidtruck
20233084,heavyrigidtruck
20231202,heavyrigidtruck
20233194,heavyrigidtruck
20232091,heavyrigidtruck
20236023,heavyrigidtruck
20233077,heavyrigidtruck
20231275,heavyrigidtruck
20233220,heavyrigidtruck
20236002,heavyrigidtruck
20232167,heavyrigidtruck
20232055,heavyrigidtruck
20232148,heavyrigidtruck
20232060,heavyrigidtruck
20232060,heavyrigidtruck
20231196,heavyrigidtruck
20233149,heavyrigidtruck
20233149,heavyrigidtruck
20233164,heavyrigidtruck
20233174,heavyrigidtruck
20233174,heavyrigidtruck
20233174,heavyrigidtruck
20221203,heavyrigidtruck
20223148,heavyrigidtruck
20223163,heavyrigidtruck
20223163,heavyrigidtruck
20223272,heavyrigidtruck
20221081,heavyrigidtruck
20221188,heavyrigidtruck
20226041,heavyrigidtruck
20223029,heavyrigidtruck
20226044,heavyrigidtruck
20226044,heavyrigidtruck
20222111,heavyrigidtruck
20223003,heavyrigidtruck
20222191,heavyrigidtruck
20223073,heavyrigidtruck
20221174,heavyrigidtruck
20222214,heavyrigidtruck
20221239,heavyrigidtruck
20227031,heavyrigidtruck
20223203,heavyrigidtruck
20223111,heavyrigidtruck
20226015,heavyrigidtruck
20223008,heavyrigidtruck
20222181,heavyrigidtruck
20223188,heavyrigidtruck
20223038,heavyrigidtruck
20222123,heavyrigidtruck
20222132,heavyrigidtruck
20223259,heavyrigidtruck
20222060,heavyrigidtruck
20221039,heavyrigidtruck
20221003,heavyrigidtruck
20223262,heavyrigidtruck
20226037,heavyrigidtruck
20226037,heavyrigidtruck
20221030,heavyrigidtruck
20221030,heavyrigidtruck
20222092,heavyrigidtruck
20223212,heavyrigidtruck
20223048,heavyrigidtruck
20221171,heavyrigidtruck
20222055,heavyrigidtruck
20222096,heavyrigidtruck
20223083,heavyrigidtruck
20222025,heavyrigidtruck
20222099,heavyrigidtruck
20222038,heavyrigidtruck
20221124,heavyrigidtruck
20221027,heavyrigidtruck
20224045,heavyrigidtruck
20222173,heavyrigidtruck
20226018,heavyrigidtruck
20221072,heavyrigidtruck
20221076,heavyrigidtruck
20223245,heavyrigidtruck
20223200,heavyrigidtruck
20222134,heavyrigidtruck
20221172,heavyrigidtruck
20221038,heavyrigidtruck
20223007,heavyrigidtruck
20223161,heavyrigidtruck
20223161,heavyrigidtruck
20221142,heavyrigidtruck
20223231,heavyrigidtruck
20222039,heavyrigidtruck
20221041,heavyrigidtruck
20222116,heavyrigidtruck
20221254,heavyrigidtruck
20221254,heavyrigidtruck
20222007,heavyrigidtruck
20226033,heavyrigidtruck
20224048,heavyrigidtruck
20223142,heavyrigidtruck
20221154,heavyrigidtruck
20212026,heavyrigidtruck
20211133,heavyrigidtruck
20215057,heavyrigidtruck
20215150,heavyrigidtruck
20211086,heavyrigidtruck
20211242,heavyrigidtruck
20211146,heavyrigidtruck
20211025,heavyrigidtruck
20213175,heavyrigidtruck
20213154,heavyrigidtruck
20211205,heavyrigidtruck
20212113,heavyrigidtruck
20211013,heavyrigidtruck
20211085,heavyrigidtruck
20212160,heavyrigidtruck
20212034,heavyrigidtruck
20211101,heavyrigidtruck
20212011,heavyrigidtruck
20212156,heavyrigidtruck
20212156,heavyrigidtruck
20212056,heavyrigidtruck
20211078,heavyrigidtruck
20211152,heavyrigidtruck
20211106,heavyrigidtruck
20214059,heavyrigidtruck
20213130,heavyrigidtruck
20213165,heavyrigidtruck
20214086,heavyrigidtruck
20215089,heavyrigidtruck
20215030,heavyrigidtruck
20211029,heavyrigidtruck
20211029,heavyrigidtruck
20214017,heavyrigidtruck
20212071,heavyrigidtruck
20211220,heavyrigidtruck
20216033,heavyrigidtruck
20213196,heavyrigidtruck
20212074,heavyrigidtruck
20215110,heavyrigidtruck
20212210,heavyrigidtruck
20211088,heavyrigidtruck
20215005,heavyrigidtruck
20217028,heavyrigidtruck
20212022,heavyrigidtruck
20213034,heavyrigidtruck
20212099,heavyrigidtruck
20211036,heavyrigidtruck
20211036,heavyrigidtruck
20212166,heavyrigidtruck
20215090,heavyrigidtruck
20212091,heavyrigidtruck
20216002,heavyrigidtruck
20211005,heavyrigidtruck
20211188,heavyrigidtruck
20211137,heavyrigidtruck
20211060,heavyrigidtruck
20211149,heavyrigidtruck
20212062,heavyrigidtruck
20212139,heavyrigidtruck
20215129,heavyrigidtruck
20213011,heavyrigidtruck
20213011,heavyrigidtruck
20211141,heavyrigidtruck
20211032,heavyrigidtruck
20211102,heavyrigidtruck
20213184,heavyrigidtruck
20212202,heavyrigidtruck
20216007,heavyrigidtruck
20203097,heavyrigidtruck
20201118,heavyrigidtruck
20201202,heavyrigidtruck
20201058,heavyrigidtruck
20201110,heavyrigidtruck
20203015,heavyrigidtruck
20201073,heavyrigidtruck
20202131,heavyrigidtruck
20201237,heavyrigidtruck
20201045,heavyrigidtruck
20204012,heavyrigidtruck
20203068,heavyrigidtruck
20202037,heavyrigidtruck
20202037,heavyrigidtruck
20201121,heavyrigidtruck
20205135,heavyrigidtruck
20205102,heavyrigidtruck
20201114,heavyrigidtruck
20201262,heavyrigidtruck
20204071,heavyrigidtruck
20204071,heavyrigidtruck
20205027,heavyrigidtruck
20205074,heavyrigidtruck
20203236,heavyrigidtruck
20201138,heavyrigidtruck
20201016,heavyrigidtruck
20202023,heavyrigidtruck
20201159,heavyrigidtruck
20201063,heavyrigidtruck
20202050,heavyrigidtruck
20203225,heavyrigidtruck
20206015,heavyrigidtruck
20205032,heavyrigidtruck
20204075,heavyrigidtruck
20204085,heavyrigidtruck
20202034,heavyrigidtruck
20205019,heavyrigidtruck
20205019,heavyrigidtruck
20203229,heavyrigidtruck
20203045,heavyrigidtruck
20201019,heavyrigidtruck
20203088,heavyrigidtruck
20201194,heavyrigidtruck
20201068,heavyrigidtruck
20202002,heavyrigidtruck
20202057,heavyrigidtruck
20201099,heavyrigidtruck
20201256,heavyrigidtruck
20205070,heavyrigidtruck
20202181,heavyrigidtruck
20203082,heavyrigidtruck
20201228,heavyrigidtruck
20202137,heavyrigidtruck
20203019,heavyrigidtruck
20205021,heavyrigidtruck
20201069,heavyrigidtruck
20201069,heavyrigidtruck
20202136,heavyrigidtruck
20201015,heavyrigidtruck
20201103,heavyrigidtruck
20201203,heavyrigidtruck
20201190,heavyrigidtruck
20201199,heavyrigidtruck
20202115,heavyrigidtruck
20201134,heavyrigidtruck
20201134,heavyrigidtruck
20203149,heavyrigidtruck
20192176,heavyrigidtruck
20194076,heavyrigidtruck
20192247,heavyrigidtruck
20193029,heavyrigidtruck
20191313,heavyrigidtruck
20193129,heavyrigidtruck
20192206,heavyrigidtruck
20191230,heavyrigidtruck
20192137,heavyrigidtruck
20194025,heavyrigidtruck
20192165,heavyrigidtruck
20195027,heavyrigidtruck
20191193,heavyrigidtruck
20191273,heavyrigidtruck
20193146,heavyrigidtruck
20192213,heavyrigidtruck
20191175,heavyrigidtruck
20193161,heavyrigidtruck
20191285,heavyrigidtruck
20192158,heavyrigidtruck
20193008,heavyrigidtruck
20194018,heavyrigidtruck
20194083,heavyrigidtruck
20193022,heavyrigidtruck
20191070,heavyrigidtruck
20191165,heavyrigidtruck
20192034,heavyrigidtruck
20192034,heavyrigidtruck
20193070,heavyrigidtruck
20195020,heavyrigidtruck
20195001,heavyrigidtruck
20197025,heavyrigidtruck
20192184,heavyrigidtruck
20192188,heavyrigidtruck
20191178,heavyrigidtruck
20191178,heavyrigidtruck
20191297,heavyrigidtruck
20193101,heavyrigidtruck
20193125,heavyrigidtruck
20192075,heavyrigidtruck
20191011,heavyrigidtruck
20193061,heavyrigidtruck
20192035,heavyrigidtruck
20192035,heavyrigidtruck
20191253,heavyrigidtruck
20191217,heavyrigidtruck
20192191,heavyrigidtruck
20195055,heavyrigidtruck
20191056,heavyrigidtruck
20191140,heavyrigidtruck
20191134,heavyrigidtruck
20195128,heavyrigidtruck
20191227,heavyrigidtruck
20192067,heavyrigidtruck
20193122,heavyrigidtruck
20192036,heavyrigidtruck
20191247,heavyrigidtruck
20191247,heavyrigidtruck
20191080,heavyrigidtruck
20192194,heavyrigidtruck
20191221,heavyrigidtruck
20193184,heavyrigidtruck
20193184,heavyrigidtruck
20192110,heavyrigidtruck
20193175,heavyrigidtruck
20193035,heavyrigidtruck
20191224,heavyrigidtruck
20191245,heavyrigidtruck
20191104,heavyrigidtruck
20191104,heavyrigidtruck
20193193,heavyrigidtruck
20192093,heavyrigidtruck
20192159,heavyrigidtruck
20191123,heavyrigidtruck
20191192,heavyrigidtruck
20191192,heavyrigidtruck
20192058,heavyrigidtruck
20196022,heavyrigidtruck
20191046,heavyrigidtruck
20194109,heavyrigidtruck
20192145,heavyrigidtruck
20191288,heavyrigidtruck
20191323,heavyrigidtruck
20191036,heavyrigidtruck
20191040,heavyrigidtruck
20195071,heavyrigidtruck
20192081,heavyrigidtruck
20185097,heavyrigidtruck
20181269,heavyrigidtruck
20183171,heavyrigidtruck
20183171,heavyrigidtruck
20184044,heavyrigidtruck
20182029,heavyrigidtruck
20181042,heavyrigidtruck
20181244,heavyrigidtruck
20182192,heavyrigidtruck
20183007,heavyrigidtruck
20181010,heavyrigidtruck
20181225,heavyrigidtruck
20181082,heavyrigidtruck
20185062,heavyrigidtruck
20183044,heavyrigidtruck
20183044,heavyrigidtruck
20182068,heavyrigidtruck
20182142,heavyrigidtruck
20181035,heavyrigidtruck
20186023,heavyrigidtruck
20181008,heavyrigidtruck
20181158,heavyrigidtruck
20181125,heavyrigidtruck
20181095,heavyrigidtruck
20183063,heavyrigidtruck
20183063,heavyrigidtruck
20183063,heavyrigidtruck
20181029,heavyrigidtruck
20183206,heavyrigidtruck
20184034,heavyrigidtruck
20185115,heavyrigidtruck
20188003,heavyrigidtruck
20181147,heavyrigidtruck
20181147,heavyrigidtruck
20183083,heavyrigidtruck
20182117,heavyrigidtruck
20183013,heavyrigidtruck
20185125,heavyrigidtruck
20181080,heavyrigidtruck
20183138,heavyrigidtruck
20183073,heavyrigidtruck
20181134,heavyrigidtruck
20181245,heavyrigidtruck
20182128,heavyrigidtruck
20182144,heavyrigidtruck
20182108,heavyrigidtruck
20184032,heavyrigidtruck
20184019,heavyrigidtruck
20181047,heavyrigidtruck
20181007,heavyrigidtruck
20182067,heavyrigidtruck
20183174,heavyrigidtruck
20181164,heavyrigidtruck
20184075,heavyrigidtruck
20183030,heavyrigidtruck
20183030,heavyrigidtruck
20183005,heavyrigidtruck
20181229,heavyrigidtruck
20185099,heavyrigidtruck
20181191,heavyrigidtruck
20181191,heavyrigidtruck
20181191,heavyrigidtruck
20186018,heavyrigidtruck
20181092,heavyrigidtruck
20181320,heavyrigidtruck
20181195,heavyrigidtruck
20181195,heavyrigidtruck
20181028,heavyrigidtruck
20183045,heavyrigidtruck
20182200,heavyrigidtruck
20175117,heavyrigidtruck
20176023,heavyrigidtruck
20172046,heavyrigidtruck
20172053,heavyrigidtruck
20173127,heavyrigidtruck
20171277,heavyrigidtruck
20171159,heavyrigidtruck
20175054,heavyrigidtruck
20175119,heavyrigidtruck
20175043,heavyrigidtruck
20175078,heavyrigidtruck
20172020,heavyrigidtruck
20172102,heavyrigidtruck
20171116,heavyrigidtruck
20171116,heavyrigidtruck
20172013,heavyrigidtruck
20172013,heavyrigidtruck
20174035,heavyrigidtruck
20171146,heavyrigidtruck
20172230,heavyrigidtruck
20176032,heavyrigidtruck
20172099,heavyrigidtruck
20175035,heavyrigidtruck
20174067,heavyrigidtruck
20171025,heavyrigidtruck
20171315,heavyrigidtruck
20175033,heavyrigidtruck
20176027,heavyrigidtruck
20171119,heavyrigidtruck
20171139,heavyrigidtruck
20171163,heavyrigidtruck
20173212,heavyrigidtruck
20175059,heavyrigidtruck
20175101,heavyrigidtruck
20172166,heavyrigidtruck
20171252,heavyrigidtruck
20171252,heavyrigidtruck
20171281,heavyrigidtruck
20175138,heavyrigidtruck
20174064,heavyrigidtruck
20171229,heavyrigidtruck
20172126,heavyrigidtruck
20171318,heavyrigidtruck
20172144,heavyrigidtruck
20171125,heavyrigidtruck
20171125,heavyrigidtruck
20172186,heavyrigidtruck
20172084,heavyrigidtruck
20173037,heavyrigidtruck
20171056,heavyrigidtruck
20173126,heavyrigidtruck
20171039,heavyrigidtruck
20173129,heavyrigidtruck
20175063,heavyrigidtruck
20176026,heavyrigidtruck
20175091,heavyrigidtruck
20171070,heavyrigidtruck
20173082,heavyrigidtruck
20175152,heavyrigidtruck
20172081,heavyrigidtruck
20173156,heavyrigidtruck
20171220,heavyrigidtruck
20173066,heavyrigidtruck
20173178,heavyrigidtruck
20171137,heavyrigidtruck
20172033,heavyrigidtruck
20172213,heavyrigidtruck
20175135,heavyrigidtruck
20174029,heavyrigidtruck
20171265,heavyrigidtruck
20171255,heavyrigidtruck
20171014,heavyrigidtruck
20173112,heavyrigidtruck
20171044,heavyrigidtruck
20172015,heavyrigidtruck
20171114,heavyrigidtruck
20175003,heavyrigidtruck
20172179,heavyrigidtruck
20176030,heavyrigidtruck
20172060,heavyrigidtruck
20171153,heavyrigidtruck
20171190,heavyrigidtruck
20174039,heavyrigidtruck
20175128,heavyrigidtruck
20171287,heavyrigidtruck
20171083,heavyrigidtruck
20171347,heavyrigidtruck
20171320,heavyrigidtruck
20173157,heavyrigidtruck
20171136,heavyrigidtruck
20171136,heavyrigidtruck
20161340,heavyrigidtruck
20165113,heavyrigidtruck
20165117,heavyrigidtruck
20161261,heavyrigidtruck
20161053,heavyrigidtruck
20161223,heavyrigidtruck
20164016,heavyrigidtruck
20161116,heavyrigidtruck
20161116,heavyrigidtruck
20161209,heavyrigidtruck
20165109,heavyrigidtruck
20161181,heavyrigidtruck
20161003,heavyrigidtruck
20161003,heavyrigidtruck
20161215,heavyrigidtruck
20161302,heavyrigidtruck
20161291,heavyrigidtruck
20164054,heavyrigidtruck
20161033,heavyrigidtruck
20165028,heavyrigidtruck
20165099,heavyrigidtruck
20161293,heavyrigidtruck
20161265,heavyrigidtruck
20161155,heavyrigidtruck
20161310,heavyrigidtruck
20164046,heavyrigidtruck
20165063,heavyrigidtruck
20161065,heavyrigidtruck
20161133,heavyrigidtruck
20161342,heavyrigidtruck
20164068,heavyrigidtruck
20164068,heavyrigidtruck
20164068,heavyrigidtruck
20164068,heavyrigidtruck
20161139,heavyrigidtruck
20165021,heavyrigidtruck
20161337,heavyrigidtruck
20161348,heavyrigidtruck
20161220,heavyrigidtruck
20161345,heavyrigidtruck
20161105,heavyrigidtruck
20161158,heavyrigidtruck
20161114,heavyrigidtruck
20161121,heavyrigidtruck
20161213,heavyrigidtruck
20161249,heavyrigidtruck
20166011,heavyrigidtruck
20165118,heavyrigidtruck
20152011,heavyrigidtruck
20152139,heavyrigidtruck
20152172,heavyrigidtruck
20151197,heavyrigidtruck
20151185,heavyrigidtruck
20151185,heavyrigidtruck
20151066,heavyrigidtruck
20156021,heavyrigidtruck
20151172,heavyrigidtruck
20151117,heavyrigidtruck
20151117,heavyrigidtruck
20156026,heavyrigidtruck
20152120,heavyrigidtruck
20155015,heavyrigidtruck
20152123,heavyrigidtruck
20152138,heavyrigidtruck
20152007,heavyrigidtruck
20151003,heavyrigidtruck
20151244,heavyrigidtruck
20151269,heavyrigidtruck
20151190,heavyrigidtruck
20151171,heavyrigidtruck
20156022,heavyrigidtruck
20152145,heavyrigidtruck
20155092,heavyrigidtruck
20157001,heavyrigidtruck
20152026,heavyrigidtruck
20152227,heavyrigidtruck
20152227,heavyrigidtruck
20151288,heavyrigidtruck
20151035,heavyrigidtruck
20151163,heavyrigidtruck
20155133,heavyrigidtruck
20155131,heavyrigidtruck
20152197,heavyrigidtruck
20154037,heavyrigidtruck
20156029,heavyrigidtruck
20151253,heavyrigidtruck
20151169,heavyrigidtruck
20151198,heavyrigidtruck
20152085,heavyrigidtruck
20155069,heavyrigidtruck
20151076,heavyrigidtruck
20155036,heavyrigidtruck
20155036,heavyrigidtruck
20152132,heavyrigidtruck
20151219,heavyrigidtruck
20151210,heavyrigidtruck
20152212,heavyrigidtruck
20152212,heavyrigidtruck
20152195,heavyrigidtruck
20155104,heavyrigidtruck
20152207,heavyrigidtruck
20151246,heavyrigidtruck
20152047,heavyrigidtruck
20151014,heavyrigidtruck
20151014,heavyrigidtruck
20152205,heavyrigidtruck
20151193,heavyrigidtruck
20154004,heavyrigidtruck
20154004,heavyrigidtruck
20155098,heavyrigidtruck
20156004,heavyrigidtruck
20144078,heavyrigidtruck
20144078,heavyrigidtruck
20144078,heavyrigidtruck
20144078,heavyrigidtruck
20145158,heavyrigidtruck
20144086,heavyrigidtruck
20145094,heavyrigidtruck
20144036,heavyrigidtruck
20144048,heavyrigidtruck
20145171,heavyrigidtruck
20145172,heavyrigidtruck
20145102,heavyrigidtruck
20144091,heavyrigidtruck
20144091,heavyrigidtruck
20145087,heavyrigidtruck
20144028,heavyrigidtruck
20144018,heavyrigidtruck
20146001,heavyrigidtruck
20146029,heavyrigidtruck
20144055,heavyrigidtruck
20144008,heavyrigidtruck
20146022,heavyrigidtruck
20145046,heavyrigidtruck
20145168,heavyrigidtruck
20145168,heavyrigidtruck
20145058,heavyrigidtruck
20144083,heavyrigidtruck
20144083,heavyrigidtruck
20241054,articulatedtruck
20241101,articulatedtruck
20241068,articulatedtruck
20241291,articulatedtruck
20243044,articulatedtruck
20241181,articulatedtruck
20241194,articulatedtruck
20241197,articulatedtruck
20243213,articulatedtruck
20242023,articulatedtruck
20243153,articulatedtruck
20241173,articulatedtruck
20241173,articulatedtruck
20246004,articulatedtruck
20243040,articulatedtruck
20243040,articulatedtruck
20241247,articulatedtruck
20243144,articulatedtruck
20241235,articulatedtruck
20243129,articulatedtruck
20243017,articulatedtruck
20243017,articulatedtruck
20241081,articulatedtruck
20241209,articulatedtruck
20243158,articulatedtruck
20243082,articulatedtruck
20242040,articulatedtruck
20243261,articulatedtruck
20243233,articulatedtruck
20246018,articulatedtruck
20243021,articulatedtruck
20243251,articulatedtruck
20246023,articulatedtruck
20241293,articulatedtruck
20241243,articulatedtruck
20241243,articulatedtruck
20242024,articulatedtruck
20241298,articulatedtruck
20241208,articulatedtruck
20242259,articulatedtruck
20243120,articulatedtruck
20243116,articulatedtruck
20243116,articulatedtruck
20243214,articulatedtruck
20241190,articulatedtruck
20241010,articulatedtruck
20243263,articulatedtruck
20243053,articulatedtruck
20243271,articulatedtruck
20243097,articulatedtruck
20243097,articulatedtruck
20243097,articulatedtruck
20242182,articulatedtruck
20241120,articulatedtruck
20242223,articulatedtruck
20241083,articulatedtruck
20241083,articulatedtruck
20244011,articulatedtruck
20244011,articulatedtruck
20244011,articulatedtruck
20241025,articulatedtruck
20242113,articulatedtruck
20241206,articulatedtruck
20241043,articulatedtruck
20243112,articulatedtruck
20242244,articulatedtruck
20243045,articulatedtruck
20243045,articulatedtruck
20243045,articulatedtruck
20241226,articulatedtruck
20241156,articulatedtruck
20242258,articulatedtruck
20242054,articulatedtruck
20241075,articulatedtruck
20243230,articulatedtruck
20241121,articulatedtruck
20243016,articulatedtruck
20241225,articulatedtruck
20241084,articulatedtruck
20241129,articulatedtruck
20241064,articulatedtruck
20241001,articulatedtruck
20241191,articulatedtruck
20241191,articulatedtruck
20241280,articulatedtruck
20241193,articulatedtruck
20243219,articulatedtruck
20233145,articulatedtruck
20231189,articulatedtruck
20232192,articulatedtruck
20232192,articulatedtruck
20231091,articulatedtruck
20232098,articulatedtruck
20232128,articulatedtruck
20232061,articulatedtruck
20231111,articulatedtruck
20231283,articulatedtruck
20231206,articulatedtruck
20231068,articulatedtruck
20232074,articulatedtruck
20231067,articulatedtruck
20233143,articulatedtruck
20233014,articulatedtruck
20234109,articulatedtruck
20233247,articulatedtruck
20231101,articulatedtruck
20233001,articulatedtruck
20231289,articulatedtruck
20233119,articulatedtruck
20233123,articulatedtruck
20233105,articulatedtruck
20233232,articulatedtruck
20231204,articulatedtruck
20232210,articulatedtruck
20232210,articulatedtruck
20232210,articulatedtruck
20232210,articulatedtruck
20233135,articulatedtruck
20233005,articulatedtruck
20233252,articulatedtruck
20233252,articulatedtruck
20231221,articulatedtruck
20231135,articulatedtruck
20233140,articulatedtruck
20231113,articulatedtruck
20232145,articulatedtruck
20231183,articulatedtruck
20231051,articulatedtruck
20232187,articulatedtruck
20231021,articulatedtruck
20231211,articulatedtruck
20236034,articulatedtruck
20231219,articulatedtruck
20232038,articulatedtruck
20233203,articulatedtruck
20233112,articulatedtruck
20232180,articulatedtruck
20233243,articulatedtruck
20231137,articulatedtruck
20231298,articulatedtruck
20232032,articulatedtruck
20232032,articulatedtruck
20232032,articulatedtruck
20232032,articulatedtruck
20232032,articulatedtruck
20231230,articulatedtruck
20231269,articulatedtruck
20231269,articulatedtruck
20231269,articulatedtruck
20233257,articulatedtruck
20231186,articulatedtruck
20237002,articulatedtruck
20231031,articulatedtruck
20236023,articulatedtruck
20236002,articulatedtruck
20234074,articulatedtruck
20231114,articulatedtruck
20231130,articulatedtruck
20231130,articulatedtruck
20231121,articulatedtruck
20231069,articulatedtruck
20232149,articulatedtruck
20232075,articulatedtruck
20233037,articulatedtruck
20232100,articulatedtruck
20232233,articulatedtruck
20233147,articulatedtruck
20233124,articulatedtruck
20233101,articulatedtruck
20232164,articulatedtruck
20233174,articulatedtruck
20233174,articulatedtruck
20233174,articulatedtruck
20223173,articulatedtruck
20221248,articulatedtruck
20221012,articulatedtruck
20223163,articulatedtruck
20223163,articulatedtruck
20221233,articulatedtruck
20223101,articulatedtruck
20223101,articulatedtruck
20221116,articulatedtruck
20221011,articulatedtruck
20222211,articulatedtruck
20222205,articulatedtruck
20222180,articulatedtruck
20223005,articulatedtruck
20222191,articulatedtruck
20223034,articulatedtruck
20222014,articulatedtruck
20222225,articulatedtruck
20223147,articulatedtruck
20222215,articulatedtruck
20223170,articulatedtruck
20223170,articulatedtruck
20221096,articulatedtruck
20221232,articulatedtruck
20221256,articulatedtruck
20222044,articulatedtruck
20222232,articulatedtruck
20223218,articulatedtruck
20227001,articulatedtruck
20227001,articulatedtruck
20222028,articulatedtruck
20222064,articulatedtruck
20222011,articulatedtruck
20223082,articulatedtruck
20223172,articulatedtruck
20223156,articulatedtruck
20221028,articulatedtruck
20222075,articulatedtruck
20223273,articulatedtruck
20221211,articulatedtruck
20222096,articulatedtruck
20223149,articulatedtruck
20221125,articulatedtruck
20221095,articulatedtruck
20221196,articulatedtruck
20224049,articulatedtruck
20223260,articulatedtruck
20223260,articulatedtruck
20223260,articulatedtruck
20223260,articulatedtruck
20222114,articulatedtruck
20223225,articulatedtruck
20221139,articulatedtruck
20223094,articulatedtruck
20223132,articulatedtruck
20223137,articulatedtruck
20221083,articulatedtruck
20221083,articulatedtruck
20227010,articulatedtruck
20222155,articulatedtruck
20223267,articulatedtruck
20223257,articulatedtruck
20221034,articulatedtruck
20223211,articulatedtruck
20223211,articulatedtruck
20221068,articulatedtruck
20223133,articulatedtruck
20221241,articulatedtruck
20227034,articulatedtruck
20212161,articulatedtruck
20213164,articulatedtruck
20213187,articulatedtruck
20214049,articulatedtruck
20211174,articulatedtruck
20211246,articulatedtruck
20211164,articulatedtruck
20212162,articulatedtruck
20214020,articulatedtruck
20212057,articulatedtruck
20211140,articulatedtruck
20214050,articulatedtruck
20212185,articulatedtruck
20211183,articulatedtruck
20211213,articulatedtruck
20213032,articulatedtruck
20213032,articulatedtruck
20217014,articulatedtruck
20214023,articulatedtruck
20211207,articulatedtruck
20212019,articulatedtruck
20212049,articulatedtruck
20213135,articulatedtruck
20213135,articulatedtruck
20213135,articulatedtruck
20213177,articulatedtruck
20211203,articulatedtruck
20212077,articulatedtruck
20212077,articulatedtruck
20213165,articulatedtruck
20211048,articulatedtruck
20211048,articulatedtruck
20215028,articulatedtruck
20211197,articulatedtruck
20213113,articulatedtruck
20213232,articulatedtruck
20213218,articulatedtruck
20211118,articulatedtruck
20211220,articulatedtruck
20211057,articulatedtruck
20212044,articulatedtruck
20214066,articulatedtruck
20216024,articulatedtruck
20216024,articulatedtruck
20213073,articulatedtruck
20212096,articulatedtruck
20212149,articulatedtruck
20213035,articulatedtruck
20213035,articulatedtruck
20211221,articulatedtruck
20213169,articulatedtruck
20213169,articulatedtruck
20211012,articulatedtruck
20213079,articulatedtruck
20213180,articulatedtruck
20213054,articulatedtruck
20212022,articulatedtruck
20211003,articulatedtruck
20214052,articulatedtruck
20211104,articulatedtruck
20213171,articulatedtruck
20213124,articulatedtruck
20213225,articulatedtruck
20215045,articulatedtruck
20211053,articulatedtruck
20215056,articulatedtruck
20213060,articulatedtruck
20213186,articulatedtruck
20215100,articulatedtruck
20211043,articulatedtruck
20212174,articulatedtruck
20211001,articulatedtruck
20216002,articulatedtruck
20215050,articulatedtruck
20214083,articulatedtruck
20215039,articulatedtruck
20211098,articulatedtruck
20213229,articulatedtruck
20213036,articulatedtruck
20213244,articulatedtruck
20213014,articulatedtruck
20214082,articulatedtruck
20214082,articulatedtruck
20215146,articulatedtruck
20212027,articulatedtruck
20212083,articulatedtruck
20212015,articulatedtruck
20215027,articulatedtruck
20213020,articulatedtruck
20211037,articulatedtruck
20213189,articulatedtruck
20213053,articulatedtruck
20214092,articulatedtruck
20213063,articulatedtruck
20213094,articulatedtruck
20213208,articulatedtruck
20213138,articulatedtruck
20211002,articulatedtruck
20212197,articulatedtruck
20211243,articulatedtruck
20211243,articulatedtruck
20211112,articulatedtruck
20212184,articulatedtruck
20213018,articulatedtruck
20213198,articulatedtruck
20203228,articulatedtruck
20203228,articulatedtruck
20205095,articulatedtruck
20205095,articulatedtruck
20204004,articulatedtruck
20205030,articulatedtruck
20203181,articulatedtruck
20201116,articulatedtruck
20207009,articulatedtruck
20202160,articulatedtruck
20205023,articulatedtruck
20205077,articulatedtruck
20205077,articulatedtruck
20201197,articulatedtruck
20203178,articulatedtruck
20203197,articulatedtruck
20203027,articulatedtruck
20202088,articulatedtruck
20203051,articulatedtruck
20203172,articulatedtruck
20203014,articulatedtruck
20203014,articulatedtruck
20203220,articulatedtruck
20202143,articulatedtruck
20202143,articulatedtruck
20203205,articulatedtruck
20202092,articulatedtruck
20202062,articulatedtruck
20203072,articulatedtruck
20202058,articulatedtruck
20201153,articulatedtruck
20203173,articulatedtruck
20203010,articulatedtruck
20204067,articulatedtruck
20201200,articulatedtruck
20203250,articulatedtruck
20201072,articulatedtruck
20201088,articulatedtruck
20201162,articulatedtruck
20201162,articulatedtruck
20205074,articulatedtruck
20201138,articulatedtruck
20203043,articulatedtruck
20203093,articulatedtruck
20201080,articulatedtruck
20201163,articulatedtruck
20205033,articulatedtruck
20203108,articulatedtruck
20203108,articulatedtruck
20201004,articulatedtruck
20202193,articulatedtruck
20201233,articulatedtruck
20201031,articulatedtruck
20206027,articulatedtruck
20203125,articulatedtruck
20201131,articulatedtruck
20201131,articulatedtruck
20201225,articulatedtruck
20201225,articulatedtruck
20203112,articulatedtruck
20203004,articulatedtruck
20203086,articulatedtruck
20203086,articulatedtruck
20202125,articulatedtruck
20202125,articulatedtruck
20201036,articulatedtruck
20201082,articulatedtruck
20204006,articulatedtruck
20203120,articulatedtruck
20201014,articulatedtruck
20201127,articulatedtruck
20202162,articulatedtruck
20203192,articulatedtruck
20201216,articulatedtruck
20202055,articulatedtruck
20203180,articulatedtruck
20201147,articulatedtruck
20206001,articulatedtruck
20202149,articulatedtruck
20201108,articulatedtruck
20202150,articulatedtruck
20201123,articulatedtruck
20202048,articulatedtruck
20203067,articulatedtruck
20203067,articulatedtruck
20202142,articulatedtruck
20202142,articulatedtruck
20202167,articulatedtruck
20203224,articulatedtruck
20201178,articulatedtruck
20201027,articulatedtruck
20204049,articulatedtruck
20202174,articulatedtruck
20205079,articulatedtruck
20203022,articulatedtruck
20193148,articulatedtruck
20193006,articulatedtruck
20194053,articulatedtruck
20192149,articulatedtruck
20192149,articulatedtruck
20195074,articulatedtruck
20192247,articulatedtruck
20194072,articulatedtruck
20194014,articulatedtruck
20195119,articulatedtruck
20192052,articulatedtruck
20194086,articulatedtruck
20192127,articulatedtruck
20194077,articulatedtruck
20194077,articulatedtruck
20191283,articulatedtruck
20191141,articulatedtruck
20192020,articulatedtruck
20196002,articulatedtruck
20194097,articulatedtruck
20191199,articulatedtruck
20195017,articulatedtruck
20191020,articulatedtruck
20191115,articulatedtruck
20198004,articulatedtruck
20193074,articulatedtruck
20193118,articulatedtruck
20191015,articulatedtruck
20192062,articulatedtruck
20193147,articulatedtruck
20193021,articulatedtruck
20194101,articulatedtruck
20194101,articulatedtruck
20193162,articulatedtruck
20193025,articulatedtruck
20191070,articulatedtruck
20196006,articulatedtruck
20191124,articulatedtruck
20193189,articulatedtruck
20192030,articulatedtruck
20191009,articulatedtruck
20191137,articulatedtruck
20192065,articulatedtruck
20195021,articulatedtruck
20195066,articulatedtruck
20193065,articulatedtruck
20193065,articulatedtruck
20195057,articulatedtruck
20195057,articulatedtruck
20191235,articulatedtruck
20195015,articulatedtruck
20191194,articulatedtruck
20191217,articulatedtruck
20191173,articulatedtruck
20192248,articulatedtruck
20196027,articulatedtruck
20194031,articulatedtruck
20192094,articulatedtruck
20193104,articulatedtruck
20194058,articulatedtruck
20194058,articulatedtruck
20192059,articulatedtruck
20194105,articulatedtruck
20194081,articulatedtruck
20192235,articulatedtruck
20194046,articulatedtruck
20194091,articulatedtruck
20191138,articulatedtruck
20193131,articulatedtruck
20193131,articulatedtruck
20193038,articulatedtruck
20192192,articulatedtruck
20196012,articulatedtruck
20191166,articulatedtruck
20191286,articulatedtruck
20191122,articulatedtruck
20192119,articulatedtruck
20194041,articulatedtruck
20191270,articulatedtruck
20191032,articulatedtruck
20193110,articulatedtruck
20194002,articulatedtruck
20193182,articulatedtruck
20191294,articulatedtruck
20194045,articulatedtruck
20191135,articulatedtruck
20192018,articulatedtruck
20193081,articulatedtruck
20191025,articulatedtruck
20192040,articulatedtruck
20192178,articulatedtruck
20192097,articulatedtruck
20195110,articulatedtruck
20192009,articulatedtruck
20194074,articulatedtruck
20192136,articulatedtruck
20194070,articulatedtruck
20195030,articulatedtruck
20194036,articulatedtruck
20194027,articulatedtruck
20192141,articulatedtruck
20183154,articulatedtruck
20185114,articulatedtruck
20182071,articulatedtruck
20183224,articulatedtruck
20184024,articulatedtruck
20184024,articulatedtruck
20183140,articulatedtruck
20183140,articulatedtruck
20183161,articulatedtruck
20182004,articulatedtruck
20182004,articulatedtruck
20181031,articulatedtruck
20181159,articulatedtruck
20185044,articulatedtruck
20183062,articulatedtruck
20181168,articulatedtruck
20182191,articulatedtruck
20181213,articulatedtruck
20185098,articulatedtruck
20183044,articulatedtruck
20183044,articulatedtruck
20181145,articulatedtruck
20182135,articulatedtruck
20183117,articulatedtruck
20181064,articulatedtruck
20183131,articulatedtruck
20183100,articulatedtruck
20183078,articulatedtruck
20185126,articulatedtruck
20185126,articulatedtruck
20183206,articulatedtruck
20181197,articulatedtruck
20181197,articulatedtruck
20181103,articulatedtruck
20181222,articulatedtruck
20183049,articulatedtruck
20183127,articulatedtruck
20182124,articulatedtruck
20182033,articulatedtruck
20186029,articulatedtruck
20185014,articulatedtruck
20183015,articulatedtruck
20181161,articulatedtruck
20183024,articulatedtruck
20183202,articulatedtruck
20183202,articulatedtruck
20182032,articulatedtruck
20182053,articulatedtruck
20183217,articulatedtruck
20182077,articulatedtruck
20181260,articulatedtruck
20183221,articulatedtruck
20184032,articulatedtruck
20182104,articulatedtruck
20181007,articulatedtruck
20181102,articulatedtruck
20181141,articulatedtruck
20181068,articulatedtruck
20185039,articulatedtruck
20185039,articulatedtruck
20185030,articulatedtruck
20181251,articulatedtruck
20181034,articulatedtruck
20183106,articulatedtruck
20182085,articulatedtruck
20183181,articulatedtruck
20184039,articulatedtruck
20183071,articulatedtruck
20184066,articulatedtruck
20182121,articulatedtruck
20181153,articulatedtruck
20182066,articulatedtruck
20181155,articulatedtruck
20183048,articulatedtruck
20183094,articulatedtruck
20181255,articulatedtruck
20181195,articulatedtruck
20181195,articulatedtruck
20183056,articulatedtruck
20184061,articulatedtruck
20185101,articulatedtruck
20181262,articulatedtruck
20181262,articulatedtruck
20183038,articulatedtruck
20183038,articulatedtruck
20181272,articulatedtruck
20171193,articulatedtruck
20172022,articulatedtruck
20173131,articulatedtruck
20171061,articulatedtruck
20175126,articulatedtruck
20175078,articulatedtruck
20173042,articulatedtruck
20173215,articulatedtruck
20175036,articulatedtruck
20172107,articulatedtruck
20171152,articulatedtruck
20172132,articulatedtruck
20174086,articulatedtruck
20172079,articulatedtruck
20171088,articulatedtruck
20171275,articulatedtruck
20171197,articulatedtruck
20175086,articulatedtruck
20175033,articulatedtruck
20176027,articulatedtruck
20173015,articulatedtruck
20175059,articulatedtruck
20172215,articulatedtruck
20173024,articulatedtruck
20171338,articulatedtruck
20173076,articulatedtruck
20172166,articulatedtruck
20171164,articulatedtruck
20171111,articulatedtruck
20173160,articulatedtruck
20173049,articulatedtruck
20172139,articulatedtruck
20171012,articulatedtruck
20172025,articulatedtruck
20172123,articulatedtruck
20171142,articulatedtruck
20171134,articulatedtruck
20171219,articulatedtruck
20174076,articulatedtruck
20171144,articulatedtruck
20171144,articulatedtruck
20171157,articulatedtruck
20172084,articulatedtruck
20171145,articulatedtruck
20171145,articulatedtruck
20174027,articulatedtruck
20171294,articulatedtruck
20171294,articulatedtruck
20176029,articulatedtruck
20172014,articulatedtruck
20175011,articulatedtruck
20175011,articulatedtruck
20174025,articulatedtruck
20173023,articulatedtruck
20173023,articulatedtruck
20173023,articulatedtruck
20175063,articulatedtruck
20173085,articulatedtruck
20171342,articulatedtruck
20171200,articulatedtruck
20171246,articulatedtruck
20171246,articulatedtruck
20171054,articulatedtruck
20171196,articulatedtruck
20171196,articulatedtruck
20171196,articulatedtruck
20171162,articulatedtruck
20171162,articulatedtruck
20173074,articulatedtruck
20171220,articulatedtruck
20171177,articulatedtruck
20172072,articulatedtruck
20171076,articulatedtruck
20172086,articulatedtruck
20171045,articulatedtruck
20171021,articulatedtruck
20171021,articulatedtruck
20171098,articulatedtruck
20171098,articulatedtruck
20172119,articulatedtruck
20172228,articulatedtruck
20175120,articulatedtruck
20172221,articulatedtruck
20173192,articulatedtruck
20172142,articulatedtruck
20171108,articulatedtruck
20174091,articulatedtruck
20173088,articulatedtruck
20171301,articulatedtruck
20171210,articulatedtruck
20174056,articulatedtruck
20171080,articulatedtruck
20173039,articulatedtruck
20172170,articulatedtruck
20173064,articulatedtruck
20171120,articulatedtruck
20171251,articulatedtruck
20171130,articulatedtruck
20171107,articulatedtruck
20173123,articulatedtruck
20173157,articulatedtruck
20171136,articulatedtruck
20171136,articulatedtruck
20172008,articulatedtruck
20171330,articulatedtruck
20165062,articulatedtruck
20165062,articulatedtruck
20165081,articulatedtruck
20161135,articulatedtruck
20165113,articulatedtruck
20167005,articulatedtruck
20161262,articulatedtruck
20164045,articulatedtruck
20161251,articulatedtruck
20164052,articulatedtruck
20161272,articulatedtruck
20161047,articulatedtruck
20161047,articulatedtruck
20167013,articulatedtruck
20167016,articulatedtruck
20167016,articulatedtruck
20161116,articulatedtruck
20161116,articulatedtruck
20164022,articulatedtruck
20161138,articulatedtruck
20168011,articulatedtruck
20161230,articulatedtruck
20161278,articulatedtruck
20161169,articulatedtruck
20161338,articulatedtruck
20164067,articulatedtruck
20165017,articulatedtruck
20165084,articulatedtruck
20161067,articulatedtruck
20161325,articulatedtruck
20161140,articulatedtruck
20161140,articulatedtruck
20166009,articulatedtruck
20166009,articulatedtruck
20164007,articulatedtruck
20164001,articulatedtruck
20164050,articulatedtruck
20161263,articulatedtruck
20166031,articulatedtruck
20166015,articulatedtruck
20166015,articulatedtruck
20161006,articulatedtruck
20164002,articulatedtruck
20161182,articulatedtruck
20161287,articulatedtruck
20161287,articulatedtruck
20164040,articulatedtruck
20164040,articulatedtruck
20161282,articulatedtruck
20161201,articulatedtruck
20164027,articulatedtruck
20165019,articulatedtruck
20161355,articulatedtruck
20167006,articulatedtruck
20165148,articulatedtruck
20165016,articulatedtruck
20165159,articulatedtruck
20161072,articulatedtruck
20154091,articulatedtruck
20152148,articulatedtruck
20151103,articulatedtruck
20151120,articulatedtruck
20155081,articulatedtruck
20151033,articulatedtruck
20154013,articulatedtruck
20154073,articulatedtruck
20155080,articulatedtruck
20151185,articulatedtruck
20151185,articulatedtruck
20155112,articulatedtruck
20152202,articulatedtruck
20155071,articulatedtruck
20151223,articulatedtruck
20152170,articulatedtruck
20151048,articulatedtruck
20151122,articulatedtruck
20152067,articulatedtruck
20152053,articulatedtruck
20152043,articulatedtruck
20155130,articulatedtruck
20151257,articulatedtruck
20151126,articulatedtruck
20151228,articulatedtruck
20154041,articulatedtruck
20154031,articulatedtruck
20156011,articulatedtruck
20151050,articulatedtruck
20154094,articulatedtruck
20151317,articulatedtruck
20151208,articulatedtruck
20151308,articulatedtruck
20155094,articulatedtruck
20154059,articulatedtruck
20154059,articulatedtruck
20152107,articulatedtruck
20152111,articulatedtruck
20151069,articulatedtruck
20158010,articulatedtruck
20156023,articulatedtruck
20156023,articulatedtruck
20151236,articulatedtruck
20155093,articulatedtruck
20151143,articulatedtruck
20152029,articulatedtruck
20152019,articulatedtruck
20152037,articulatedtruck
20151095,articulatedtruck
20154003,articulatedtruck
20152092,articulatedtruck
20155131,articulatedtruck
20151278,articulatedtruck
20152062,articulatedtruck
20152089,articulatedtruck
20151091,articulatedtruck
20151113,articulatedtruck
20151113,articulatedtruck
20152180,articulatedtruck
20151301,articulatedtruck
20151096,articulatedtruck
20154063,articulatedtruck
20155128,articulatedtruck
20151052,articulatedtruck
20151036,articulatedtruck
20155134,articulatedtruck
20152032,articulatedtruck
20152084,articulatedtruck
20151005,articulatedtruck
20151081,articulatedtruck
20151248,articulatedtruck
20151237,articulatedtruck
20152134,articulatedtruck
20152188,articulatedtruck
20154008,articulatedtruck
20151092,articulatedtruck
20151092,articulatedtruck
20154064,articulatedtruck
20152189,articulatedtruck
20154048,articulatedtruck
20154048,articulatedtruck
20154048,articulatedtruck
20155066,articulatedtruck
20152143,articulatedtruck
20151110,articulatedtruck
20145101,articulatedtruck
20145099,articulatedtruck
20144002,articulatedtruck
20144002,articulatedtruck
20145077,articulatedtruck
20145074,articulatedtruck
20144014,articulatedtruck
20145163,articulatedtruck
20146025,articulatedtruck
20146025,articulatedtruck
20144044,articulatedtruck
20144046,articulatedtruck
20145031,articulatedtruck
20144058,articulatedtruck
20144058,articulatedtruck
20144029,articulatedtruck
20144038,articulatedtruck
20144016,articulatedtruck
20144013,articulatedtruck
20144079,articulatedtruck
